"call_id","dataset_id","status","required","warning_messages","error_message"
"xs_small_all_methods","xs_small","success",TRUE,"",""
"xs_medium_all_methods","xs_medium","success",TRUE,"",""
"xs_edge_ties_all_methods","xs_edge_ties","success",TRUE,"Y contains many tied values; results may be unreliable (uniqueness < 0.98).",""
"xs_edge_extreme_all_methods","xs_edge_extreme","success",TRUE,"",""
"panel_small_methods","panel_small","success",TRUE,"",""
"panel_medium_unbalanced_methods","panel_medium_unbalanced","success",TRUE,"",""
"xs_small_bootstrap_B50_probe","xs_small","success",FALSE,"B < 200: the bootstrap standard error may be unstable.",""
"xs_missing_probe_nosplit","xs_missing_probe","success",FALSE,"Input contains NA or non-finite values; these will be dropped or may cause errors. | longer object length is not a multiple of shorter object length",""
